[
    {
        "name": "столы",
        "description": "Прекрасные столы только для вас",
        "short_desc": "столики",
        "eng_name": "tables"
    },
     {
        "name": "стулья",
        "description": "Хорошие стулья отличного качества",
        "short_desc": "Стульчики",
        "eng_name": "chairs"
    },
     {
        "name": "Лампы настольные",
        "description": "Лампы настольные, фирменные из Китая. Брак 50%",
        "short_desc": "Лампочки",
        "eng_name": "lamps"
    },
     {
        "name": "Диваны",
        "description": "Диваны для ваших попок",
        "short_desc": "Диванчики",
        "eng_name": "sofas"
    }
   
]