[
    {
        "name": "еловый стол",
        "image": "products_images/product-1-lg.jpg",
        "description": "простой еловый стол",
        "short_desc": "столик еловый",
        "price": "1345",
        "quantity": "5",
        "category": 1
    },
       {
        "category": "3",
        "name": "Белая лампа",
        "image": "products_images/product-61_sNiLrd7.jpg",
        "description": "Ужасный образец Китайского сумрачного гения дизайна. Ночью вы просто умрете от страха при виде сего творчества.",
        "short_desc": "Сунь вынь ламп",
        "price": "25869",
        "quantity": "3"
    },
       {
       	"category": "2",
        "name": "Красный стульчак",
        "image": "products_images/product-4_GDE96ZR.jpg",
        "description": "Что то ужасно стильное и невообразимо дорогое",
        "short_desc": "Красный что тут еще скажешь",
        "price": "5696",
        "quantity": "10"
    },
       {
        "category": "2",     	
       	"name": "Белый стул",
        "image": "products_images/product-21_ZHpVE97.jpg",
        "description": "Белый как Саша из сериала",
        "short_desc": "Как иней",
        "price": "4587",
        "quantity": "15"
    },
       {
       	"category": "4",
        "name": "Да это диван",
        "image": "products_images/product-1.jpg",
        "description": "Диван лампа! Я так решил",
        "short_desc": "Диванчик",
        "price": "5485",
        "quantity": "120"
    }
    
]