[{"model": "authapp.shopuser", "fields": {"password": "pbkdf2_sha256$150000$8YwPT0OMUvLZ$X9fDSMcUkgbSlOU/ZWVvMqGd5d30PVTsmvKP/1X7+JM=", "last_login": "2021-04-16T19:40:07.477Z", "is_superuser": true, "username": "django", "first_name": "django", "last_name": "django", "email": "django@gb.local", "is_staff": true, "is_active": true, "date_joined": "2021-02-07T20:32:28.739Z", "age": 30, "avatar": "", "activation_key": "", "registered": "2021-04-06T20:08:20.617Z", "groups": [], "user_permissions": []}}, {"model": "authapp.shopuser", "fields": {"password": "pbkdf2_sha256$150000$H0KJDc3rZsnA$GZYhv9wtVo4/2Ngvw/Y5fc05I5pUsnvmn0WKy//ybnw=", "last_login": "2021-02-16T20:00:39.488Z", "is_superuser": false, "username": "sdasdd", "first_name": "aaassd", "last_name": "", "email": "deep@hg.ru", "is_staff": false, "is_active": true, "date_joined": "2021-02-09T20:29:42.238Z", "age": 24, "avatar": "", "activation_key": "", "registered": "2021-04-06T20:08:20.617Z", "groups": [], "user_permissions": []}}, {"model": "authapp.shopuser", "fields": {"password": "pbkdf2_sha256$150000$FX8BgTHrN7dy$QL4Vcwio/s3GpR1XiSo1WjeRPQcDWxJ8M8JPpl0s3XY=", "last_login": null, "is_superuser": false, "username": "TestDenis", "first_name": "Denis", "last_name": "", "email": "TestDenis@gb.local", "is_staff": false, "is_active": false, "date_joined": "2021-04-06T20:10:03.827Z", "age": 25, "avatar": "", "activation_key": "245d7aaa6c634e1842832f431b11aea18c05d377", "registered": "2021-04-06T20:10:03.951Z", "groups": [], "user_permissions": []}}, {"model": "authapp.shopuser", "fields": {"password": "pbkdf2_sha256$150000$SlxgZEQPGCpu$tC1RQpk9o2GwAQ1r95ZUarn4/U3auICdiLC47AqzXOQ=", "last_login": null, "is_superuser": false, "username": "user2", "first_name": "den", "last_name": "", "email": "user2@gb.local", "is_staff": false, "is_active": false, "date_joined": "2021-04-06T20:18:57.269Z", "age": 30, "avatar": "", "activation_key": "f40fc0a9abc64e4bcd88f7111637782a7a3791e3", "registered": "2021-04-06T20:18:57.398Z", "groups": [], "user_permissions": []}}, {"model": "authapp.shopuser", "fields": {"password": "pbkdf2_sha256$150000$xbF1IYs7Driq$hT/coiQ7Nai79p8qY3DheYKoPo3eVNP5cP2MZ6cY+yE=", "last_login": "2021-04-06T20:38:01.698Z", "is_superuser": false, "username": "user3", "first_name": "den", "last_name": "", "email": "user3@gb.local", "is_staff": false, "is_active": true, "date_joined": "2021-04-06T20:37:39.194Z", "age": 30, "avatar": "", "activation_key": "24491c9632980ce10d60795dde048996f0f2699a", "registered": "2021-04-06T20:37:39.324Z", "groups": [], "user_permissions": []}}, {"model": "authapp.shopuser", "fields": {"password": "pbkdf2_sha256$150000$MuwlIkIbCzo6$LICnjgQxulV6eFG/PucsEZrUSEcGx/y8S4EOPEuASmc=", "last_login": "2021-04-06T20:42:19.389Z", "is_superuser": false, "username": "user4", "first_name": "Denis4", "last_name": "", "email": "user4@gb.local", "is_staff": false, "is_active": true, "date_joined": "2021-04-06T20:41:50.855Z", "age": 22, "avatar": "", "activation_key": "77ab09273ac4d5736bf56a6becdf18ffb58e17d0", "registered": "2021-04-06T20:41:50.984Z", "groups": [], "user_permissions": []}}, {"model": "authapp.shopuser", "fields": {"password": "pbkdf2_sha256$150000$RN4h4Zsdvpmj$JtAhM6IUbdzkrnGRq286ncSH8hCebXuYi1ofv6QLyWw=", "last_login": null, "is_superuser": false, "username": "user5", "first_name": "D5", "last_name": "", "email": "user5@gb.local", "is_staff": false, "is_active": false, "date_joined": "2021-04-06T21:09:37.666Z", "age": 22, "avatar": "", "activation_key": "4085d260e45bfd6b84d7201f92c8cd445bd6bcde", "registered": "2021-04-06T21:09:37.795Z", "groups": [], "user_permissions": []}}, {"model": "authapp.shopuser", "fields": {"password": "pbkdf2_sha256$150000$9FhM1edJXvDF$wZnJZ+uKiyyItVsddbBYnh5vL7t/I8KQ+HJ5c18VjA8=", "last_login": "2021-04-06T21:15:05.695Z", "is_superuser": false, "username": "user6", "first_name": "Denis6", "last_name": "", "email": "user6@gb.local", "is_staff": false, "is_active": true, "date_joined": "2021-04-06T21:12:14.627Z", "age": 24, "avatar": "", "activation_key": "916928a7ab8a50a828dab4a3d58c916624be1c06", "registered": "2021-04-06T21:12:14.754Z", "groups": [], "user_permissions": []}}, {"model": "authapp.shopuser", "fields": {"password": "pbkdf2_sha256$150000$8eK9nJHsbvXo$zyDReLy7fyPQRgtD7JijyjJiGjtRzIdOhlFPeNc+R6U=", "last_login": null, "is_superuser": false, "username": "user7", "first_name": "Denis7", "last_name": "", "email": "user7@gb.local", "is_staff": false, "is_active": false, "date_joined": "2021-04-06T21:16:03.260Z", "age": 23, "avatar": "", "activation_key": "326ca612487e68d38bca646aeb3ac74cc69d9c49", "registered": "2021-04-06T21:16:03.391Z", "groups": [], "user_permissions": []}}, {"model": "authapp.shopuser", "fields": {"password": "pbkdf2_sha256$150000$2fTkv4wXE2r5$rR+RTsNvPx8e3nHd4Cx1PGhax4Y84gNS3n34wKG9R8g=", "last_login": null, "is_superuser": false, "username": "user9", "first_name": "Denis9", "last_name": "", "email": "user9@gb.local", "is_staff": false, "is_active": false, "date_joined": "2021-04-06T21:19:48.449Z", "age": 24, "avatar": "", "activation_key": "5c393237f396374dfa2417345c2ea286e0815b37", "registered": "2021-04-06T21:19:48.578Z", "groups": [], "user_permissions": []}}, {"model": "authapp.shopuser", "fields": {"password": "pbkdf2_sha256$150000$9B6ASyMuQBuL$ayIZ9JfOkn+/L+auZuGpSxIQ77f6tsZCw/MaTBamPrw=", "last_login": null, "is_superuser": false, "username": "user10", "first_name": "Denis9", "last_name": "", "email": "user10@gb.local", "is_staff": false, "is_active": false, "date_joined": "2021-04-06T21:21:18.952Z", "age": 24, "avatar": "", "activation_key": "22819af28289331e5a26c62de3ed82f04c8e82a1", "registered": "2021-04-06T21:21:19.072Z", "groups": [], "user_permissions": []}}, {"model": "authapp.shopuser", "fields": {"password": "pbkdf2_sha256$150000$Y47W6GU7Jf4Y$bX/ZUaH6DS+t1pXvSdfDaDiZBt2Lam2yCsNmOcou3+I=", "last_login": null, "is_superuser": false, "username": "user11", "first_name": "Denis9", "last_name": "", "email": "user11@gb.local", "is_staff": false, "is_active": false, "date_joined": "2021-04-06T21:22:45.937Z", "age": 24, "avatar": "", "activation_key": "9be5d52bc6c61ec51b4a33b46c12de6a00fe1928", "registered": "2021-04-06T21:22:46.055Z", "groups": [], "user_permissions": []}}, {"model": "authapp.shopuser", "fields": {"password": "pbkdf2_sha256$150000$6HmuAVn4ndzb$t2w79Xn2mIg8JhCdG35p4stKpm1520zlBTDK4xEwrI8=", "last_login": null, "is_superuser": false, "username": "user12", "first_name": "Denis", "last_name": "", "email": "deep@bk.ru", "is_staff": false, "is_active": false, "date_joined": "2021-04-06T21:41:26.682Z", "age": 25, "avatar": "", "activation_key": "19c2085c5ee6ccc0533fbbd474679d6b102e38aa", "registered": "2021-04-06T21:41:26.810Z", "groups": [], "user_permissions": []}}, {"model": "authapp.shopuser", "fields": {"password": "!nDmXd3M91TCGjQufcFTmpdKSpyeRXWtJE4VdcxT5", "last_login": "2021-04-11T20:34:58.201Z", "is_superuser": false, "username": "geekfordjango", "first_name": "fordjango", "last_name": "fordjango", "email": "geekfordjango@gmail.com", "is_staff": false, "is_active": true, "date_joined": "2021-04-11T19:14:40.032Z", "age": 23, "avatar": "", "activation_key": "", "registered": "2021-04-11T19:14:40.032Z", "groups": [], "user_permissions": []}}, {"model": "authapp.shopuser", "fields": {"password": "pbkdf2_sha256$150000$nQ8OL4VfCGr1$2aJHv0XvPjD+cfNa4J2zmDOxBF/lRYvUaRVJP/98Gk8=", "last_login": "2021-04-11T20:08:39.600Z", "is_superuser": false, "username": "django20", "first_name": "Denis20", "last_name": "", "email": "user20@gb.local", "is_staff": false, "is_active": true, "date_joined": "2021-04-11T20:07:57.173Z", "age": 30, "avatar": "", "activation_key": "bfc29f7743004342fe5ce82d8231c54f63e04dca", "registered": "2021-04-11T20:07:57.301Z", "groups": [], "user_permissions": []}}, {"model": "authapp.shopuser", "fields": {"password": "pbkdf2_sha256$150000$9z2lAaPXw3I3$5rVWtS1lOKCqiPPzYWZcpJeLkftdhJeGnMRKxiJtbso=", "last_login": "2021-04-11T20:20:52.539Z", "is_superuser": false, "username": "den21", "first_name": "den21", "last_name": "", "email": "user21@gb.local", "is_staff": false, "is_active": true, "date_joined": "2021-04-11T20:20:41.748Z", "age": 21, "avatar": "", "activation_key": "ecf5c42bb4dc6096f4fa0d551da9451d43da6fbe", "registered": "2021-04-11T20:20:41.882Z", "groups": [], "user_permissions": []}}, {"model": "authapp.shopuserprofile", "pk": 1, "fields": {"tagline": "", "about_me": "", "gender": ""}}, {"model": "authapp.shopuserprofile", "pk": 2, "fields": {"tagline": "", "about_me": "", "gender": ""}}, {"model": "authapp.shopuserprofile", "pk": 3, "fields": {"tagline": "", "about_me": "", "gender": ""}}, {"model": "authapp.shopuserprofile", "pk": 4, "fields": {"tagline": "", "about_me": "", "gender": ""}}, {"model": "authapp.shopuserprofile", "pk": 5, "fields": {"tagline": "", "about_me": "", "gender": ""}}, {"model": "authapp.shopuserprofile", "pk": 6, "fields": {"tagline": "", "about_me": "", "gender": ""}}, {"model": "authapp.shopuserprofile", "pk": 7, "fields": {"tagline": "", "about_me": "", "gender": ""}}, {"model": "authapp.shopuserprofile", "pk": 8, "fields": {"tagline": "", "about_me": "", "gender": ""}}, {"model": "authapp.shopuserprofile", "pk": 9, "fields": {"tagline": "", "about_me": "", "gender": ""}}, {"model": "authapp.shopuserprofile", "pk": 10, "fields": {"tagline": "", "about_me": "", "gender": ""}}, {"model": "authapp.shopuserprofile", "pk": 11, "fields": {"tagline": "", "about_me": "", "gender": ""}}, {"model": "authapp.shopuserprofile", "pk": 12, "fields": {"tagline": "", "about_me": "", "gender": ""}}, {"model": "authapp.shopuserprofile", "pk": 17, "fields": {"tagline": "", "about_me": "", "gender": ""}}, {"model": "authapp.shopuserprofile", "pk": 18, "fields": {"tagline": "not it", "about_me": "", "gender": "M"}}, {"model": "authapp.shopuserprofile", "pk": 19, "fields": {"tagline": "", "about_me": "", "gender": ""}}, {"model": "authapp.shopuserprofile", "pk": 20, "fields": {"tagline": "", "about_me": "", "gender": ""}}]