[{"model": "ordersapp.order", "pk": 1, "fields": {"user": ["django"], "add_dt": "2021-04-13T19:56:07.448Z", "update_dt": "2021-04-14T17:51:17.878Z", "status": "P", "is_active": true}}, {"model": "ordersapp.order", "pk": 2, "fields": {"user": ["django"], "add_dt": "2021-04-13T20:17:45.244Z", "update_dt": "2021-04-14T17:49:48.578Z", "status": "P", "is_active": true}}, {"model": "ordersapp.order", "pk": 3, "fields": {"user": ["django"], "add_dt": "2021-04-14T17:51:36.402Z", "update_dt": "2021-04-14T17:52:10.496Z", "status": "P", "is_active": true}}, {"model": "ordersapp.order", "pk": 4, "fields": {"user": ["django"], "add_dt": "2021-04-14T17:52:25.327Z", "update_dt": "2021-04-14T17:53:56.930Z", "status": "P", "is_active": true}}, {"model": "ordersapp.order", "pk": 6, "fields": {"user": ["django"], "add_dt": "2021-04-16T18:07:52.545Z", "update_dt": "2021-04-20T19:43:27.116Z", "status": "F", "is_active": false}}, {"model": "ordersapp.order", "pk": 7, "fields": {"user": ["django"], "add_dt": "2021-04-16T18:30:46.315Z", "update_dt": "2021-04-16T19:09:18.155Z", "status": "P", "is_active": false}}, {"model": "ordersapp.order", "pk": 8, "fields": {"user": ["django"], "add_dt": "2021-04-20T19:50:04.489Z", "update_dt": "2021-04-20T19:58:11.881Z", "status": "F", "is_active": true}}, {"model": "ordersapp.orderitem", "pk": 1, "fields": {"order": 1, "product": 7, "qty": 13, "add_dt": "2021-04-13T19:56:07.465Z", "update_dt": "2021-04-13T19:56:07.465Z"}}, {"model": "ordersapp.orderitem", "pk": 2, "fields": {"order": 1, "product": 10, "qty": 7, "add_dt": "2021-04-13T19:56:07.465Z", "update_dt": "2021-04-13T19:56:07.466Z"}}, {"model": "ordersapp.orderitem", "pk": 3, "fields": {"order": 1, "product": 2, "qty": 3, "add_dt": "2021-04-13T19:56:07.466Z", "update_dt": "2021-04-13T19:56:07.466Z"}}, {"model": "ordersapp.orderitem", "pk": 4, "fields": {"order": 1, "product": 3, "qty": 1, "add_dt": "2021-04-13T19:56:07.466Z", "update_dt": "2021-04-13T19:56:07.466Z"}}, {"model": "ordersapp.orderitem", "pk": 5, "fields": {"order": 1, "product": 6, "qty": 6, "add_dt": "2021-04-13T19:56:07.466Z", "update_dt": "2021-04-13T19:56:07.466Z"}}, {"model": "ordersapp.orderitem", "pk": 6, "fields": {"order": 1, "product": 5, "qty": 4, "add_dt": "2021-04-13T19:56:07.467Z", "update_dt": "2021-04-13T19:56:07.467Z"}}, {"model": "ordersapp.orderitem", "pk": 7, "fields": {"order": 1, "product": 14, "qty": 2, "add_dt": "2021-04-13T19:56:07.467Z", "update_dt": "2021-04-13T19:56:07.467Z"}}, {"model": "ordersapp.orderitem", "pk": 8, "fields": {"order": 1, "product": 1, "qty": 2, "add_dt": "2021-04-13T19:56:07.467Z", "update_dt": "2021-04-13T19:56:07.467Z"}}, {"model": "ordersapp.orderitem", "pk": 9, "fields": {"order": 2, "product": 10, "qty": 7, "add_dt": "2021-04-13T20:17:45.250Z", "update_dt": "2021-04-13T20:45:30.783Z"}}, {"model": "ordersapp.orderitem", "pk": 10, "fields": {"order": 2, "product": 2, "qty": 4, "add_dt": "2021-04-13T20:17:45.251Z", "update_dt": "2021-04-13T20:24:29.785Z"}}, {"model": "ordersapp.orderitem", "pk": 11, "fields": {"order": 3, "product": 4, "qty": 4, "add_dt": "2021-04-14T17:51:36.410Z", "update_dt": "2021-04-14T17:51:36.410Z"}}, {"model": "ordersapp.orderitem", "pk": 12, "fields": {"order": 3, "product": 2, "qty": 5, "add_dt": "2021-04-14T17:51:36.410Z", "update_dt": "2021-04-14T17:51:36.410Z"}}, {"model": "ordersapp.orderitem", "pk": 13, "fields": {"order": 3, "product": 6, "qty": 6, "add_dt": "2021-04-14T17:51:36.411Z", "update_dt": "2021-04-14T17:51:36.411Z"}}, {"model": "ordersapp.orderitem", "pk": 14, "fields": {"order": 4, "product": 10, "qty": 3, "add_dt": "2021-04-14T17:52:25.335Z", "update_dt": "2021-04-14T17:52:25.335Z"}}, {"model": "ordersapp.orderitem", "pk": 15, "fields": {"order": 4, "product": 4, "qty": 2, "add_dt": "2021-04-14T17:52:25.336Z", "update_dt": "2021-04-14T17:52:25.336Z"}}, {"model": "ordersapp.orderitem", "pk": 16, "fields": {"order": 4, "product": 4, "qty": 5, "add_dt": "2021-04-14T17:52:25.336Z", "update_dt": "2021-04-14T17:52:25.336Z"}}, {"model": "ordersapp.orderitem", "pk": 17, "fields": {"order": 4, "product": 9, "qty": 4, "add_dt": "2021-04-14T17:52:31.868Z", "update_dt": "2021-04-14T17:52:31.868Z"}}, {"model": "ordersapp.orderitem", "pk": 24, "fields": {"order": 6, "product": 2, "qty": 5, "add_dt": "2021-04-16T18:07:52.554Z", "update_dt": "2021-04-16T19:40:33.407Z"}}, {"model": "ordersapp.orderitem", "pk": 25, "fields": {"order": 6, "product": 22, "qty": 4, "add_dt": "2021-04-16T18:07:52.555Z", "update_dt": "2021-04-16T18:07:52.555Z"}}, {"model": "ordersapp.orderitem", "pk": 26, "fields": {"order": 6, "product": 9, "qty": 3, "add_dt": "2021-04-16T18:07:52.555Z", "update_dt": "2021-04-16T18:07:52.555Z"}}, {"model": "ordersapp.orderitem", "pk": 28, "fields": {"order": 7, "product": 2, "qty": 3, "add_dt": "2021-04-16T18:30:46.325Z", "update_dt": "2021-04-16T19:08:47.404Z"}}, {"model": "ordersapp.orderitem", "pk": 29, "fields": {"order": 7, "product": 5, "qty": 2, "add_dt": "2021-04-16T18:30:46.326Z", "update_dt": "2021-04-16T18:30:46.326Z"}}, {"model": "ordersapp.orderitem", "pk": 37, "fields": {"order": 7, "product": 1, "qty": 3, "add_dt": "2021-04-16T19:07:28.057Z", "update_dt": "2021-04-16T19:07:28.057Z"}}, {"model": "ordersapp.orderitem", "pk": 39, "fields": {"order": 6, "product": 1, "qty": 18, "add_dt": "2021-04-16T19:15:31.284Z", "update_dt": "2021-04-16T19:40:33.407Z"}}, {"model": "ordersapp.orderitem", "pk": 40, "fields": {"order": 8, "product": 10, "qty": 32, "add_dt": "2021-04-20T19:50:04.498Z", "update_dt": "2021-04-20T19:52:33.255Z"}}, {"model": "ordersapp.orderitem", "pk": 41, "fields": {"order": 8, "product": 4, "qty": 23, "add_dt": "2021-04-20T19:50:04.498Z", "update_dt": "2021-04-20T19:52:39.904Z"}}, {"model": "ordersapp.orderitem", "pk": 42, "fields": {"order": 8, "product": 7, "qty": 69, "add_dt": "2021-04-20T19:57:23.661Z", "update_dt": "2021-04-20T19:57:23.661Z"}}]