[{"model": "basketapp.basketitem", "pk": 6, "fields": {"user": ["sdasdd"], "product": 6, "qty": 1, "add_dt": "2021-02-13T20:22:35.689Z", "update_dt": "2021-02-13T20:22:35.696Z"}}, {"model": "basketapp.basketitem", "pk": 7, "fields": {"user": ["sdasdd"], "product": 7, "qty": 1, "add_dt": "2021-02-13T20:22:36.401Z", "update_dt": "2021-02-13T20:22:36.408Z"}}, {"model": "basketapp.basketitem", "pk": 18, "fields": {"user": ["geekfordjango"], "product": 5, "qty": 1, "add_dt": "2021-04-11T19:15:50.622Z", "update_dt": "2021-04-11T19:15:50.629Z"}}, {"model": "basketapp.basketitem", "pk": 19, "fields": {"user": ["geekfordjango"], "product": 22, "qty": 2, "add_dt": "2021-04-11T19:15:51.777Z", "update_dt": "2021-04-11T19:16:04.299Z"}}]